1856-22;FL;1;1;#4FL;FORMALETA LOSA  PLUS 4.0;32.7x134.3x0x0;0,44;115392387;AA0001
1856-22;FL;1;2;#4FL;FORMALETA LOSA  PLUS 4.0;32.7x134.3x0x0;0,44;215392387;AA0002
1856-22;FL;1;3;#4FL;FORMALETA LOSA  PLUS 4.0;32.7x134.3x0x0;0,44;315392387;AA0003
1856-22;FL;1;4;#4FL;FORMALETA LOSA  PLUS 4.0;32.7x134.3x0x0;0,44;415392387;AA0004
1856-22;FL;2;1;#4FL;FORMALETA LOSA  PLUS 4.0;20.5x134.3x0x0;0,28;115392388;AA0005
1856-22;FL;2;2;#4FL;FORMALETA LOSA  PLUS 4.0;20.5x134.3x0x0;0,28;215392388;AA0006
1856-22;FL;2;3;#4FL;FORMALETA LOSA  PLUS 4.0;20.5x134.3x0x0;0,28;315392388;AA0007
1856-22;FL;2;4;#4FL;FORMALETA LOSA  PLUS 4.0;20.5x134.3x0x0;0,28;415392388;AA0008
1856-22;FL;3;1;#4FL;FORMALETA LOSA  PLUS 4.0;79.1x125x0x0;0,99;115392389;AA0009
1856-22;FL;4;1;#4FL;FORMALETA LOSA  PLUS 4.0;60x102.3x0x0;0,61;115392390;AA0010
1856-22;FL;4;2;#4FL;FORMALETA LOSA  PLUS 4.0;60x102.3x0x0;0,61;215392390;AA0011
1856-22;FL;4;3;#4FL;FORMALETA LOSA  PLUS 4.0;60x102.3x0x0;0,61;315392390;AA0012
1856-22;FL;4;4;#4FL;FORMALETA LOSA  PLUS 4.0;60x102.3x0x0;0,61;415392390;AA0013
1856-22;FL;4;5;#4FL;FORMALETA LOSA  PLUS 4.0;60x102.3x0x0;0,61;515392390;AA0014
2049-22;FM;15;1;#4TV;TAPA MURO VERTICAL PLUS 4.0;15x157x0x0;0,24;000115317778;AA0015
2049-22;FM;15;2;#4TV;TAPA MURO VERTICAL PLUS 4.0;15x157x0x0;0,24;000215317778;AA0016
2049-22;FM;41;1;#4FMA;FORMALETA MURO ANGULAR PLUS 4.0;20x173x0x10;0,52;000115317804;AA0017
2049-22;FM;41;2;#4FMA;FORMALETA MURO ANGULAR PLUS 4.0;20x173x0x10;0,52;000215317804;AA0018
2049-22;FM;39;1;#4FM;FORMALETA MURO PLUS 4.0;20x145x0x0;0,29;000115317802;AA0019
2049-22;FM;39;2;#4FM;FORMALETA MURO PLUS 4.0;20x145x0x0;0,29;000215317802;AA0020
2049-22;FM;35;3;#4FM;FORMALETA MURO PLUS 4.0;25x270x0x0;0,68;000315317798;AA0021
2049-22;FM;35;6;#4FM;FORMALETA MURO PLUS 4.0;25x270x0x0;0,68;000615317798;AA0022
2049-22;FM;35;8;#4FM;FORMALETA MURO PLUS 4.0;25x270x0x0;0,68;000815317798;AA0023
2049-22;FM;35;9;#4FM;FORMALETA MURO PLUS 4.0;25x270x0x0;0,68;000915317798;AA0024
1856-22;FL;5;4;#4FL;FORMALETA LOSA  PLUS 4.0;45.7x102.3x0x0;0,47;415392391;AA0025
1856-22;FL;6;1;#4FL;FORMALETA LOSA  PLUS 4.0;43x102.3x0x0;0,44;115392392;AA0026
1856-22;FL;6;2;#4FL;FORMALETA LOSA  PLUS 4.0;43x102.3x0x0;0,44;215392392;AA0027
1856-22;FL;6;3;#4FL;FORMALETA LOSA  PLUS 4.0;43x102.3x0x0;0,44;315392392;AA0028
1856-22;FL;6;4;#4FL;FORMALETA LOSA  PLUS 4.0;43x102.3x0x0;0,44;415392392;AA0029
1856-22;FL;1;1;#4FL;FORMALETA LOSA  PLUS 4.0;35.5x135.2x0x0;0,48;115390307;AA0030
1856-22;FL;1;2;#4FL;FORMALETA LOSA  PLUS 4.0;35.5x135.2x0x0;0,48;215390307;AA0031
1856-22;FL;1;3;#4FL;FORMALETA LOSA  PLUS 4.0;35.5x135.2x0x0;0,48;315390307;AA0032
1856-22;FL;1;4;#4FL;FORMALETA LOSA  PLUS 4.0;35.5x135.2x0x0;0,48;415390307;AA0033
1856-22;FL;2;1;#4FL;FORMALETA LOSA  PLUS 4.0;17.5x135.2x0x0;0,24;115390308;AA0034
1856-22;FL;2;2;#4FL;FORMALETA LOSA  PLUS 4.0;17.5x135.2x0x0;0,24;215390308;AA0035
1856-22;FL;2;3;#4FL;FORMALETA LOSA  PLUS 4.0;17.5x135.2x0x0;0,24;315390308;AA0036
1856-22;FL;2;4;#4FL;FORMALETA LOSA  PLUS 4.0;17.5x135.2x0x0;0,24;415390308;AA0037
1856-22;FL;3;1;#4FL;FORMALETA LOSA  PLUS 4.0;60x125x0x0;0,75;115390309;AA0038
1856-22;FL;3;2;#4FL;FORMALETA LOSA  PLUS 4.0;60x125x0x0;0,75;215390309;AA0039
1856-22;FL;3;3;#4FL;FORMALETA LOSA  PLUS 4.0;60x125x0x0;0,75;315390309;AA0040
1856-22;FL;3;4;#4FL;FORMALETA LOSA  PLUS 4.0;60x125x0x0;0,75;415390309;AA0041
1856-22;FL;3;5;#4FL;FORMALETA LOSA  PLUS 4.0;60x125x0x0;0,75;515390309;AA0042
1856-22;FL;3;6;#4FL;FORMALETA LOSA  PLUS 4.0;60x125x0x0;0,75;615390309;AA0043
1856-22;FL;3;7;#4FL;FORMALETA LOSA  PLUS 4.0;60x125x0x0;0,75;715390309;AA0044
1856-22;FL;3;8;#4FL;FORMALETA LOSA  PLUS 4.0;60x125x0x0;0,75;815390309;AA0045
1856-22;FL;3;9;#4FL;FORMALETA LOSA  PLUS 4.0;60x125x0x0;0,75;915390309;AA0046
1856-22;FL;3;10;#4FL;FORMALETA LOSA  PLUS 4.0;60x125x0x0;0,75;1015390309;AA0047
1856-22;FL;3;11;#4FL;FORMALETA LOSA  PLUS 4.0;60x125x0x0;0,75;1115390309;AA0048
1856-22;FL;3;12;#4FL;FORMALETA LOSA  PLUS 4.0;60x125x0x0;0,75;1215390309;AA0049
1856-22;FL;3;13;#4FL;FORMALETA LOSA  PLUS 4.0;60x125x0x0;0,75;1315390309;AA0050
1856-22;FL;3;14;#4FL;FORMALETA LOSA  PLUS 4.0;60x125x0x0;0,75;1415390309;AA0051
1856-22;FL;3;15;#4FL;FORMALETA LOSA  PLUS 4.0;60x125x0x0;0,75;1515390309;AA0052
1856-22;FL;3;16;#4FL;FORMALETA LOSA  PLUS 4.0;60x125x0x0;0,75;1615390309;AA0053
1856-22;FL;3;17;#4FL;FORMALETA LOSA  PLUS 4.0;60x125x0x0;0,75;1715390309;AA0054
1856-22;FL;3;18;#4FL;FORMALETA LOSA  PLUS 4.0;60x125x0x0;0,75;1815390309;AA0055
1856-22;FL;3;19;#4FL;FORMALETA LOSA  PLUS 4.0;60x125x0x0;0,75;1915390309;AA0056
1856-22;FL;3;20;#4FL;FORMALETA LOSA  PLUS 4.0;60x125x0x0;0,75;2015390309;AA0057
1856-22;FL;3;21;#4FL;FORMALETA LOSA  PLUS 4.0;60x125x0x0;0,75;2115390309;AA0058
1856-22;FL;3;22;#4FL;FORMALETA LOSA  PLUS 4.0;60x125x0x0;0,75;2215390309;AA0059
1856-22;FL;3;23;#4FL;FORMALETA LOSA  PLUS 4.0;60x125x0x0;0,75;2315390309;AA0060
1856-22;FL;3;24;#4FL;FORMALETA LOSA  PLUS 4.0;60x125x0x0;0,75;2415390309;AA0061
1856-22;FL;4;1;#4FL;FORMALETA LOSA  PLUS 4.0;45.2x125x0x0;0,56;115390310;AA0062
1856-22;FL;5;1;#4FL;FORMALETA LOSA  PLUS 4.0;60x120x0x0;0,72;115390311;AA0063
1856-22;FL;5;2;#4FL;FORMALETA LOSA  PLUS 4.0;60x120x0x0;0,72;215390311;AA0064
1856-22;FL;5;3;#4FL;FORMALETA LOSA  PLUS 4.0;60x120x0x0;0,72;315390311;AA0065
1856-22;FL;5;4;#4FL;FORMALETA LOSA  PLUS 4.0;60x120x0x0;0,72;415390311;AA0066
1856-22;FL;5;5;#4FL;FORMALETA LOSA  PLUS 4.0;60x120x0x0;0,72;515390311;AA0067
1856-22;FL;5;6;#4FL;FORMALETA LOSA  PLUS 4.0;60x120x0x0;0,72;615390311;AA0068
1856-22;FL;5;7;#4FL;FORMALETA LOSA  PLUS 4.0;60x120x0x0;0,72;715390311;AA0069
1856-22;FL;5;8;#4FL;FORMALETA LOSA  PLUS 4.0;60x120x0x0;0,72;815390311;AA0070
1856-22;FL;5;9;#4FL;FORMALETA LOSA  PLUS 4.0;60x120x0x0;0,72;915390311;AA0071
1856-22;FL;5;10;#4FL;FORMALETA LOSA  PLUS 4.0;60x120x0x0;0,72;1015390311;AA0072
1856-22;FL;5;11;#4FL;FORMALETA LOSA  PLUS 4.0;60x120x0x0;0,72;1115390311;AA0073
1856-22;FL;5;12;#4FL;FORMALETA LOSA  PLUS 4.0;60x120x0x0;0,72;1215390311;AA0074
1856-22;FL;5;13;#4FL;FORMALETA LOSA  PLUS 4.0;60x120x0x0;0,72;1315390311;AA0075
1856-22;FL;5;14;#4FL;FORMALETA LOSA  PLUS 4.0;60x120x0x0;0,72;1415390311;AA0076
1856-22;FL;5;15;#4FL;FORMALETA LOSA  PLUS 4.0;60x120x0x0;0,72;1515390311;AA0077
1856-22;FL;5;16;#4FL;FORMALETA LOSA  PLUS 4.0;60x120x0x0;0,72;1615390311;AA0078
1856-22;FL;5;17;#4FL;FORMALETA LOSA  PLUS 4.0;60x120x0x0;0,72;1715390311;AA0079
1856-22;FL;5;18;#4FL;FORMALETA LOSA  PLUS 4.0;60x120x0x0;0,72;1815390311;AA0080
1856-22;FL;5;19;#4FL;FORMALETA LOSA  PLUS 4.0;60x120x0x0;0,72;1915390311;AA0081
1856-22;FL;5;20;#4FL;FORMALETA LOSA  PLUS 4.0;60x120x0x0;0,72;2015390311;AA0082
1856-22;FL;5;21;#4FL;FORMALETA LOSA  PLUS 4.0;60x120x0x0;0,72;2115390311;AA0083
1856-22;FL;5;22;#4FL;FORMALETA LOSA  PLUS 4.0;60x120x0x0;0,72;2215390311;AA0084
1856-22;FL;5;23;#4FL;FORMALETA LOSA  PLUS 4.0;60x120x0x0;0,72;2315390311;AA0085
1856-22;FL;5;24;#4FL;FORMALETA LOSA  PLUS 4.0;60x120x0x0;0,72;2415390311;AA0086
1856-22;FL;5;25;#4FL;FORMALETA LOSA  PLUS 4.0;60x120x0x0;0,72;2515390311;AA0087
1856-22;FL;5;26;#4FL;FORMALETA LOSA  PLUS 4.0;60x120x0x0;0,72;2615390311;AA0088
1856-22;FL;5;27;#4FL;FORMALETA LOSA  PLUS 4.0;60x120x0x0;0,72;2715390311;AA0089
1856-22;FL;5;28;#4FL;FORMALETA LOSA  PLUS 4.0;60x120x0x0;0,72;2815390311;AA0090
1856-22;FL;5;29;#4FL;FORMALETA LOSA  PLUS 4.0;60x120x0x0;0,72;2915390311;AA0091
1856-22;FL;5;30;#4FL;FORMALETA LOSA  PLUS 4.0;60x120x0x0;0,72;3015390311;AA0092
1856-22;FL;5;31;#4FL;FORMALETA LOSA  PLUS 4.0;60x120x0x0;0,72;3115390311;AA0093
1856-22;FL;5;32;#4FL;FORMALETA LOSA  PLUS 4.0;60x120x0x0;0,72;3215390311;AA0094
1856-22;FL;5;33;#4FL;FORMALETA LOSA  PLUS 4.0;60x120x0x0;0,72;3315390311;AA0095
1856-22;FL;5;34;#4FL;FORMALETA LOSA  PLUS 4.0;60x120x0x0;0,72;3415390311;AA0096
1856-22;FL;5;35;#4FL;FORMALETA LOSA  PLUS 4.0;60x120x0x0;0,72;3515390311;AA0097
1856-22;FL;5;36;#4FL;FORMALETA LOSA  PLUS 4.0;60x120x0x0;0,72;3615390311;AA0098
1856-22;FL;5;37;#4FL;FORMALETA LOSA  PLUS 4.0;60x120x0x0;0,72;3715390311;AA0099
1856-22;FL;5;38;#4FL;FORMALETA LOSA  PLUS 4.0;60x120x0x0;0,72;3815390311;AA0100
1856-22;FL;5;39;#4FL;FORMALETA LOSA  PLUS 4.0;60x120x0x0;0,72;3915390311;AA0101
1856-22;FL;5;40;#4FL;FORMALETA LOSA  PLUS 4.0;60x120x0x0;0,72;4015390311;AA0102
1856-22;FL;5;41;#4FL;FORMALETA LOSA  PLUS 4.0;60x120x0x0;0,72;4115390311;AA0103
1856-22;FL;5;42;#4FL;FORMALETA LOSA  PLUS 4.0;60x120x0x0;0,72;4215390311;AA0104
1856-22;FL;5;43;#4FL;FORMALETA LOSA  PLUS 4.0;60x120x0x0;0,72;4315390311;AA0105
1856-22;FL;5;44;#4FL;FORMALETA LOSA  PLUS 4.0;60x120x0x0;0,72;4415390311;AA0106
1856-22;FL;5;45;#4FL;FORMALETA LOSA  PLUS 4.0;60x120x0x0;0,72;4515390311;AA0107
1856-22;FL;5;46;#4FL;FORMALETA LOSA  PLUS 4.0;60x120x0x0;0,72;4615390311;AA0108
1856-22;FL;5;47;#4FL;FORMALETA LOSA  PLUS 4.0;60x120x0x0;0,72;4715390311;AA0109
1856-22;FL;5;48;#4FL;FORMALETA LOSA  PLUS 4.0;60x120x0x0;0,72;4815390311;AA0110
1856-22;FL;5;49;#4FL;FORMALETA LOSA  PLUS 4.0;60x120x0x0;0,72;4915390311;AA0111
1856-22;FL;5;50;#4FL;FORMALETA LOSA  PLUS 4.0;60x120x0x0;0,72;5015390311;AA0112
1856-22;FL;5;51;#4FL;FORMALETA LOSA  PLUS 4.0;60x120x0x0;0,72;5115390311;AA0113
1856-22;FL;5;52;#4FL;FORMALETA LOSA  PLUS 4.0;60x120x0x0;0,72;5215390311;AA0114
1856-22;FL;5;53;#4FL;FORMALETA LOSA  PLUS 4.0;60x120x0x0;0,72;5315390311;AA0115
1856-22;FL;5;54;#4FL;FORMALETA LOSA  PLUS 4.0;60x120x0x0;0,72;5415390311;AA0116
1856-22;FL;5;55;#4FL;FORMALETA LOSA  PLUS 4.0;60x120x0x0;0,72;5515390311;AA0117
1856-22;FL;5;56;#4FL;FORMALETA LOSA  PLUS 4.0;60x120x0x0;0,72;5615390311;AA0118
1856-22;FL;5;57;#4FL;FORMALETA LOSA  PLUS 4.0;60x120x0x0;0,72;5715390311;AA0119
1856-22;FL;5;58;#4FL;FORMALETA LOSA  PLUS 4.0;60x120x0x0;0,72;5815390311;AA0120
1856-22;FL;5;59;#4FL;FORMALETA LOSA  PLUS 4.0;60x120x0x0;0,72;5915390311;AA0121
1856-22;FL;5;60;#4FL;FORMALETA LOSA  PLUS 4.0;60x120x0x0;0,72;6015390311;AA0122
1856-22;FL;5;61;#4FL;FORMALETA LOSA  PLUS 4.0;60x120x0x0;0,72;6115390311;AA0123
1856-22;FL;5;62;#4FL;FORMALETA LOSA  PLUS 4.0;60x120x0x0;0,72;6215390311;AA0124
1856-22;FL;5;63;#4FL;FORMALETA LOSA  PLUS 4.0;60x120x0x0;0,72;6315390311;AA0125
1856-22;FL;5;64;#4FL;FORMALETA LOSA  PLUS 4.0;60x120x0x0;0,72;6415390311;AA0126
1856-22;FL;5;65;#4FL;FORMALETA LOSA  PLUS 4.0;60x120x0x0;0,72;6515390311;AA0127
1856-22;FL;5;66;#4FL;FORMALETA LOSA  PLUS 4.0;60x120x0x0;0,72;6615390311;AA0128
1856-22;FL;5;67;#4FL;FORMALETA LOSA  PLUS 4.0;60x120x0x0;0,72;6715390311;AA0129
1856-22;FL;5;68;#4FL;FORMALETA LOSA  PLUS 4.0;60x120x0x0;0,72;6815390311;AA0130
1856-22;FL;5;69;#4FL;FORMALETA LOSA  PLUS 4.0;60x120x0x0;0,72;6915390311;AA0131
1856-22;FL;5;70;#4FL;FORMALETA LOSA  PLUS 4.0;60x120x0x0;0,72;7015390311;AA0132
1856-22;FL;5;71;#4FL;FORMALETA LOSA  PLUS 4.0;60x120x0x0;0,72;7115390311;AA0133
1856-22;FL;5;72;#4FL;FORMALETA LOSA  PLUS 4.0;60x120x0x0;0,72;7215390311;AA0134
1856-22;FL;5;73;#4FL;FORMALETA LOSA  PLUS 4.0;60x120x0x0;0,72;7315390311;AA0135
1856-22;FL;5;74;#4FL;FORMALETA LOSA  PLUS 4.0;60x120x0x0;0,72;7415390311;AA0136
1856-22;FL;5;75;#4FL;FORMALETA LOSA  PLUS 4.0;60x120x0x0;0,72;7515390311;AA0137
1856-22;FL;5;76;#4FL;FORMALETA LOSA  PLUS 4.0;60x120x0x0;0,72;7615390311;AA0138
1856-22;FL;5;77;#4FL;FORMALETA LOSA  PLUS 4.0;60x120x0x0;0,72;7715390311;AA0139
1856-22;FL;5;78;#4FL;FORMALETA LOSA  PLUS 4.0;60x120x0x0;0,72;7815390311;AA0140
1856-22;FL;5;79;#4FL;FORMALETA LOSA  PLUS 4.0;60x120x0x0;0,72;7915390311;AA0141
1856-22;FL;5;80;#4FL;FORMALETA LOSA  PLUS 4.0;60x120x0x0;0,72;8015390311;AA0142
1856-22;FL;5;81;#4FL;FORMALETA LOSA  PLUS 4.0;60x120x0x0;0,72;8115390311;AA0143
1856-22;FL;5;82;#4FL;FORMALETA LOSA  PLUS 4.0;60x120x0x0;0,72;8215390311;AA0144
1856-22;FL;5;83;#4FL;FORMALETA LOSA  PLUS 4.0;60x120x0x0;0,72;8315390311;AA0145
1856-22;FL;5;84;#4FL;FORMALETA LOSA  PLUS 4.0;60x120x0x0;0,72;8415390311;AA0146
1856-22;FL;5;85;#4FL;FORMALETA LOSA  PLUS 4.0;60x120x0x0;0,72;8515390311;AA0147
1856-22;FL;5;86;#4FL;FORMALETA LOSA  PLUS 4.0;60x120x0x0;0,72;8615390311;AA0148
1856-22;FL;5;87;#4FL;FORMALETA LOSA  PLUS 4.0;60x120x0x0;0,72;8715390311;AA0149
1856-22;FL;5;88;#4FL;FORMALETA LOSA  PLUS 4.0;60x120x0x0;0,72;8815390311;AA0150
1856-22;FL;5;89;#4FL;FORMALETA LOSA  PLUS 4.0;60x120x0x0;0,72;8915390311;AA0151
1856-22;FL;5;90;#4FL;FORMALETA LOSA  PLUS 4.0;60x120x0x0;0,72;9015390311;AA0152
1856-22;FL;5;91;#4FL;FORMALETA LOSA  PLUS 4.0;60x120x0x0;0,72;9115390311;AA0153
1856-22;FL;5;92;#4FL;FORMALETA LOSA  PLUS 4.0;60x120x0x0;0,72;9215390311;AA0154
1856-22;FL;5;93;#4FL;FORMALETA LOSA  PLUS 4.0;60x120x0x0;0,72;9315390311;AA0155
1856-22;FL;5;94;#4FL;FORMALETA LOSA  PLUS 4.0;60x120x0x0;0,72;9415390311;AA0156
1856-22;FL;5;95;#4FL;FORMALETA LOSA  PLUS 4.0;60x120x0x0;0,72;9515390311;AA0157
1856-22;FL;5;96;#4FL;FORMALETA LOSA  PLUS 4.0;60x120x0x0;0,72;9615390311;AA0158
1856-22;FL;5;97;#4FL;FORMALETA LOSA  PLUS 4.0;60x120x0x0;0,72;9715390311;AA0159
1856-22;FL;5;98;#4FL;FORMALETA LOSA  PLUS 4.0;60x120x0x0;0,72;9815390311;AA0160
1856-22;FL;5;99;#4FL;FORMALETA LOSA  PLUS 4.0;60x120x0x0;0,72;9915390311;AA0161
1856-22;FL;5;100;#4FL;FORMALETA LOSA  PLUS 4.0;60x120x0x0;0,72;10015390311;AA0162
1856-22;FL;5;101;#4FL;FORMALETA LOSA  PLUS 4.0;60x120x0x0;0,72;10115390311;AA0163
1856-22;FL;5;102;#4FL;FORMALETA LOSA  PLUS 4.0;60x120x0x0;0,72;10215390311;AA0164
1856-22;FL;5;103;#4FL;FORMALETA LOSA  PLUS 4.0;60x120x0x0;0,72;10315390311;AA0165
1856-22;FL;5;104;#4FL;FORMALETA LOSA  PLUS 4.0;60x120x0x0;0,72;10415390311;AA0166
1856-22;FL;5;105;#4FL;FORMALETA LOSA  PLUS 4.0;60x120x0x0;0,72;10515390311;AA0167
1856-22;FL;5;106;#4FL;FORMALETA LOSA  PLUS 4.0;60x120x0x0;0,72;10615390311;AA0168
1856-22;FL;5;107;#4FL;FORMALETA LOSA  PLUS 4.0;60x120x0x0;0,72;10715390311;AA0169
1856-22;FL;5;108;#4FL;FORMALETA LOSA  PLUS 4.0;60x120x0x0;0,72;10815390311;AA0170
1856-22;FL;5;109;#4FL;FORMALETA LOSA  PLUS 4.0;60x120x0x0;0,72;10915390311;AA0171
1856-22;FL;5;110;#4FL;FORMALETA LOSA  PLUS 4.0;60x120x0x0;0,72;11015390311;AA0172
1856-22;FL;5;111;#4FL;FORMALETA LOSA  PLUS 4.0;60x120x0x0;0,72;11115390311;AA0173
1856-22;FL;5;112;#4FL;FORMALETA LOSA  PLUS 4.0;60x120x0x0;0,72;11215390311;AA0174
1856-22;FL;5;113;#4FL;FORMALETA LOSA  PLUS 4.0;60x120x0x0;0,72;11315390311;AA0175
1856-22;FL;5;114;#4FL;FORMALETA LOSA  PLUS 4.0;60x120x0x0;0,72;11415390311;AA0176
1856-22;FL;5;115;#4FL;FORMALETA LOSA  PLUS 4.0;60x120x0x0;0,72;11515390311;AA0177
1856-22;FL;5;116;#4FL;FORMALETA LOSA  PLUS 4.0;60x120x0x0;0,72;11615390311;AA0178
1856-22;FL;5;117;#4FL;FORMALETA LOSA  PLUS 4.0;60x120x0x0;0,72;11715390311;AA0179
1856-22;FL;5;118;#4FL;FORMALETA LOSA  PLUS 4.0;60x120x0x0;0,72;11815390311;AA0180
1856-22;FL;5;119;#4FL;FORMALETA LOSA  PLUS 4.0;60x120x0x0;0,72;11915390311;AA0181
1856-22;FL;5;120;#4FL;FORMALETA LOSA  PLUS 4.0;60x120x0x0;0,72;12015390311;AA0182
1856-22;FL;5;121;#4FL;FORMALETA LOSA  PLUS 4.0;60x120x0x0;0,72;12115390311;AA0183
1856-22;FL;5;122;#4FL;FORMALETA LOSA  PLUS 4.0;60x120x0x0;0,72;12215390311;AA0184
1856-22;FL;5;123;#4FL;FORMALETA LOSA  PLUS 4.0;60x120x0x0;0,72;12315390311;AA0185
1856-22;FL;5;124;#4FL;FORMALETA LOSA  PLUS 4.0;60x120x0x0;0,72;12415390311;AA0186
1856-22;FL;5;125;#4FL;FORMALETA LOSA  PLUS 4.0;60x120x0x0;0,72;12515390311;AA0187
1856-22;FL;5;126;#4FL;FORMALETA LOSA  PLUS 4.0;60x120x0x0;0,72;12615390311;AA0188
1856-22;FL;5;127;#4FL;FORMALETA LOSA  PLUS 4.0;60x120x0x0;0,72;12715390311;AA0189
1856-22;FL;5;128;#4FL;FORMALETA LOSA  PLUS 4.0;60x120x0x0;0,72;12815390311;AA0190
1856-22;FL;5;129;#4FL;FORMALETA LOSA  PLUS 4.0;60x120x0x0;0,72;12915390311;AA0191
1856-22;FL;5;130;#4FL;FORMALETA LOSA  PLUS 4.0;60x120x0x0;0,72;13015390311;AA0192
1856-22;FL;5;131;#4FL;FORMALETA LOSA  PLUS 4.0;60x120x0x0;0,72;13115390311;AA0193
1856-22;FL;5;132;#4FL;FORMALETA LOSA  PLUS 4.0;60x120x0x0;0,72;13215390311;AA0194
1856-22;FL;5;133;#4FL;FORMALETA LOSA  PLUS 4.0;60x120x0x0;0,72;13315390311;AA0195
1856-22;FL;5;134;#4FL;FORMALETA LOSA  PLUS 4.0;60x120x0x0;0,72;13415390311;AA0196
1856-22;FL;5;135;#4FL;FORMALETA LOSA  PLUS 4.0;60x120x0x0;0,72;13515390311;AA0197
1856-22;FL;5;136;#4FL;FORMALETA LOSA  PLUS 4.0;60x120x0x0;0,72;13615390311;AA0198
1856-22;FL;5;137;#4FL;FORMALETA LOSA  PLUS 4.0;60x120x0x0;0,72;13715390311;AA0199
1856-22;FL;5;138;#4FL;FORMALETA LOSA  PLUS 4.0;60x120x0x0;0,72;13815390311;AA0200
1856-22;FL;5;139;#4FL;FORMALETA LOSA  PLUS 4.0;60x120x0x0;0,72;13915390311;AA0201
1856-22;FL;5;140;#4FL;FORMALETA LOSA  PLUS 4.0;60x120x0x0;0,72;14015390311;AA0202
1856-22;FL;5;141;#4FL;FORMALETA LOSA  PLUS 4.0;60x120x0x0;0,72;14115390311;AA0203
1856-22;FL;5;142;#4FL;FORMALETA LOSA  PLUS 4.0;60x120x0x0;0,72;14215390311;AA0204
1856-22;FL;5;143;#4FL;FORMALETA LOSA  PLUS 4.0;60x120x0x0;0,72;14315390311;AA0205
1856-22;FL;5;144;#4FL;FORMALETA LOSA  PLUS 4.0;60x120x0x0;0,72;14415390311;AA0206
1856-22;FL;5;145;#4FL;FORMALETA LOSA  PLUS 4.0;60x120x0x0;0,72;14515390311;AA0207
1856-22;FL;5;146;#4FL;FORMALETA LOSA  PLUS 4.0;60x120x0x0;0,72;14615390311;AA0208
1856-22;FL;5;147;#4FL;FORMALETA LOSA  PLUS 4.0;60x120x0x0;0,72;14715390311;AA0209
1856-22;FL;5;148;#4FL;FORMALETA LOSA  PLUS 4.0;60x120x0x0;0,72;14815390311;AA0210
1856-22;FL;5;149;#4FL;FORMALETA LOSA  PLUS 4.0;60x120x0x0;0,72;14915390311;AA0211
1856-22;FL;5;150;#4FL;FORMALETA LOSA  PLUS 4.0;60x120x0x0;0,72;15015390311;AA0212
1856-22;FL;5;151;#4FL;FORMALETA LOSA  PLUS 4.0;60x120x0x0;0,72;15115390311;AA0213
1856-22;FL;5;152;#4FL;FORMALETA LOSA  PLUS 4.0;60x120x0x0;0,72;15215390311;AA0214
1856-22;FL;5;153;#4FL;FORMALETA LOSA  PLUS 4.0;60x120x0x0;0,72;15315390311;AA0215
1856-22;FL;5;154;#4FL;FORMALETA LOSA  PLUS 4.0;60x120x0x0;0,72;15415390311;AA0216
1856-22;FL;5;155;#4FL;FORMALETA LOSA  PLUS 4.0;60x120x0x0;0,72;15515390311;AA0217
1856-22;FL;5;156;#4FL;FORMALETA LOSA  PLUS 4.0;60x120x0x0;0,72;15615390311;AA0218
1856-22;FL;5;157;#4FL;FORMALETA LOSA  PLUS 4.0;60x120x0x0;0,72;15715390311;AA0219
1856-22;FL;5;158;#4FL;FORMALETA LOSA  PLUS 4.0;60x120x0x0;0,72;15815390311;AA0220
1856-22;FL;5;159;#4FL;FORMALETA LOSA  PLUS 4.0;60x120x0x0;0,72;15915390311;AA0221
1856-22;FL;5;160;#4FL;FORMALETA LOSA  PLUS 4.0;60x120x0x0;0,72;16015390311;AA0222
1856-22;FL;5;161;#4FL;FORMALETA LOSA  PLUS 4.0;60x120x0x0;0,72;16115390311;AA0223
1856-22;FL;5;162;#4FL;FORMALETA LOSA  PLUS 4.0;60x120x0x0;0,72;16215390311;AA0224
1856-22;FL;5;163;#4FL;FORMALETA LOSA  PLUS 4.0;60x120x0x0;0,72;16315390311;AA0225
1856-22;FL;5;164;#4FL;FORMALETA LOSA  PLUS 4.0;60x120x0x0;0,72;16415390311;AA0226
1856-22;FL;5;165;#4FL;FORMALETA LOSA  PLUS 4.0;60x120x0x0;0,72;16515390311;AA0227
1856-22;FL;5;166;#4FL;FORMALETA LOSA  PLUS 4.0;60x120x0x0;0,72;16615390311;AA0228
1856-22;FL;5;167;#4FL;FORMALETA LOSA  PLUS 4.0;60x120x0x0;0,72;16715390311;AA0229
1856-22;FL;5;168;#4FL;FORMALETA LOSA  PLUS 4.0;60x120x0x0;0,72;16815390311;AA0230
1856-22;FL;5;169;#4FL;FORMALETA LOSA  PLUS 4.0;60x120x0x0;0,72;16915390311;AA0231
1856-22;FL;5;170;#4FL;FORMALETA LOSA  PLUS 4.0;60x120x0x0;0,72;17015390311;AA0232
1856-22;FL;5;171;#4FL;FORMALETA LOSA  PLUS 4.0;60x120x0x0;0,72;17115390311;AA0233
1856-22;FL;5;172;#4FL;FORMALETA LOSA  PLUS 4.0;60x120x0x0;0,72;17215390311;AA0234
1856-22;FL;5;173;#4FL;FORMALETA LOSA  PLUS 4.0;60x120x0x0;0,72;17315390311;AA0235
1856-22;FL;5;174;#4FL;FORMALETA LOSA  PLUS 4.0;60x120x0x0;0,72;17415390311;AA0236
1856-22;FL;5;175;#4FL;FORMALETA LOSA  PLUS 4.0;60x120x0x0;0,72;17515390311;AA0237
1856-22;FL;5;176;#4FL;FORMALETA LOSA  PLUS 4.0;60x120x0x0;0,72;17615390311;AA0238
1856-22;FL;5;177;#4FL;FORMALETA LOSA  PLUS 4.0;60x120x0x0;0,72;17715390311;AA0239
1856-22;FL;5;178;#4FL;FORMALETA LOSA  PLUS 4.0;60x120x0x0;0,72;17815390311;AA0240
1856-22;FL;5;179;#4FL;FORMALETA LOSA  PLUS 4.0;60x120x0x0;0,72;17915390311;AA0241
1856-22;FL;5;180;#4FL;FORMALETA LOSA  PLUS 4.0;60x120x0x0;0,72;18015390311;AA0242
1856-22;FL;5;181;#4FL;FORMALETA LOSA  PLUS 4.0;60x120x0x0;0,72;18115390311;AA0243
1856-22;FL;5;182;#4FL;FORMALETA LOSA  PLUS 4.0;60x120x0x0;0,72;18215390311;AA0244
1856-22;FL;5;183;#4FL;FORMALETA LOSA  PLUS 4.0;60x120x0x0;0,72;18315390311;AA0245
1856-22;FL;5;184;#4FL;FORMALETA LOSA  PLUS 4.0;60x120x0x0;0,72;18415390311;AA0246
1856-22;FL;5;185;#4FL;FORMALETA LOSA  PLUS 4.0;60x120x0x0;0,72;18515390311;AA0247
1856-22;FL;5;186;#4FL;FORMALETA LOSA  PLUS 4.0;60x120x0x0;0,72;18615390311;AA0248
1856-22;FL;5;187;#4FL;FORMALETA LOSA  PLUS 4.0;60x120x0x0;0,72;18715390311;AA0249
1856-22;FL;5;188;#4FL;FORMALETA LOSA  PLUS 4.0;60x120x0x0;0,72;18815390311;AA0250
1856-22;FL;5;189;#4FL;FORMALETA LOSA  PLUS 4.0;60x120x0x0;0,72;18915390311;AA0251
1856-22;FL;5;190;#4FL;FORMALETA LOSA  PLUS 4.0;60x120x0x0;0,72;19015390311;AA0252
1856-22;FL;5;191;#4FL;FORMALETA LOSA  PLUS 4.0;60x120x0x0;0,72;19115390311;AA0253
1856-22;FL;5;192;#4FL;FORMALETA LOSA  PLUS 4.0;60x120x0x0;0,72;19215390311;AA0254
1856-22;FL;5;193;#4FL;FORMALETA LOSA  PLUS 4.0;60x120x0x0;0,72;19315390311;AA0255
1856-22;FL;5;194;#4FL;FORMALETA LOSA  PLUS 4.0;60x120x0x0;0,72;19415390311;AA0256
1856-22;FL;5;195;#4FL;FORMALETA LOSA  PLUS 4.0;60x120x0x0;0,72;19515390311;AA0257
1856-22;FL;5;196;#4FL;FORMALETA LOSA  PLUS 4.0;60x120x0x0;0,72;19615390311;AA0258
1856-22;FL;5;197;#4FL;FORMALETA LOSA  PLUS 4.0;60x120x0x0;0,72;19715390311;AA0259
1856-22;FL;5;198;#4FL;FORMALETA LOSA  PLUS 4.0;60x120x0x0;0,72;19815390311;AA0260
1856-22;FL;5;199;#4FL;FORMALETA LOSA  PLUS 4.0;60x120x0x0;0,72;19915390311;AA0261
1856-22;FL;5;200;#4FL;FORMALETA LOSA  PLUS 4.0;60x120x0x0;0,72;20015390311;AA0262
1856-22;FL;5;201;#4FL;FORMALETA LOSA  PLUS 4.0;60x120x0x0;0,72;20115390311;AA0263
1856-22;FL;5;202;#4FL;FORMALETA LOSA  PLUS 4.0;60x120x0x0;0,72;20215390311;AA0264
1856-22;FL;5;203;#4FL;FORMALETA LOSA  PLUS 4.0;60x120x0x0;0,72;20315390311;AA0265
1856-22;FL;5;204;#4FL;FORMALETA LOSA  PLUS 4.0;60x120x0x0;0,72;20415390311;AA0266
1856-22;FL;5;205;#4FL;FORMALETA LOSA  PLUS 4.0;60x120x0x0;0,72;20515390311;AA0267
1856-22;FL;5;206;#4FL;FORMALETA LOSA  PLUS 4.0;60x120x0x0;0,72;20615390311;AA0268
1856-22;FL;5;207;#4FL;FORMALETA LOSA  PLUS 4.0;60x120x0x0;0,72;20715390311;AA0269
1856-22;FL;5;208;#4FL;FORMALETA LOSA  PLUS 4.0;60x120x0x0;0,72;20815390311;AA0270
1856-22;FL;5;209;#4FL;FORMALETA LOSA  PLUS 4.0;60x120x0x0;0,72;20915390311;AA0271
1856-22;FL;5;210;#4FL;FORMALETA LOSA  PLUS 4.0;60x120x0x0;0,72;21015390311;AA0272
1856-22;FL;5;211;#4FL;FORMALETA LOSA  PLUS 4.0;60x120x0x0;0,72;21115390311;AA0273
1856-22;FL;5;212;#4FL;FORMALETA LOSA  PLUS 4.0;60x120x0x0;0,72;21215390311;AA0274
1856-22;FL;5;213;#4FL;FORMALETA LOSA  PLUS 4.0;60x120x0x0;0,72;21315390311;AA0275
1856-22;FL;5;214;#4FL;FORMALETA LOSA  PLUS 4.0;60x120x0x0;0,72;21415390311;AA0276
1856-22;FL;5;215;#4FL;FORMALETA LOSA  PLUS 4.0;60x120x0x0;0,72;21515390311;AA0277
1856-22;FL;5;216;#4FL;FORMALETA LOSA  PLUS 4.0;60x120x0x0;0,72;21615390311;AA0278
1856-22;FL;5;217;#4FL;FORMALETA LOSA  PLUS 4.0;60x120x0x0;0,72;21715390311;AA0279
1856-22;FL;5;218;#4FL;FORMALETA LOSA  PLUS 4.0;60x120x0x0;0,72;21815390311;AA0280
1856-22;FL;5;219;#4FL;FORMALETA LOSA  PLUS 4.0;60x120x0x0;0,72;21915390311;AA0281
1856-22;FL;5;220;#4FL;FORMALETA LOSA  PLUS 4.0;60x120x0x0;0,72;22015390311;AA0282
1856-22;FL;5;221;#4FL;FORMALETA LOSA  PLUS 4.0;60x120x0x0;0,72;22115390311;AA0283
1856-22;FL;5;222;#4FL;FORMALETA LOSA  PLUS 4.0;60x120x0x0;0,72;22215390311;AA0284
1856-22;FL;5;223;#4FL;FORMALETA LOSA  PLUS 4.0;60x120x0x0;0,72;22315390311;AA0285
1856-22;FL;5;224;#4FL;FORMALETA LOSA  PLUS 4.0;60x120x0x0;0,72;22415390311;AA0286
1856-22;FL;5;225;#4FL;FORMALETA LOSA  PLUS 4.0;60x120x0x0;0,72;22515390311;AA0287
1856-22;FL;5;226;#4FL;FORMALETA LOSA  PLUS 4.0;60x120x0x0;0,72;22615390311;AA0288
1856-22;FL;5;227;#4FL;FORMALETA LOSA  PLUS 4.0;60x120x0x0;0,72;22715390311;AA0289
1856-22;FL;5;228;#4FL;FORMALETA LOSA  PLUS 4.0;60x120x0x0;0,72;22815390311;AA0290
1856-22;FL;5;229;#4FL;FORMALETA LOSA  PLUS 4.0;60x120x0x0;0,72;22915390311;AA0291
1856-22;FL;5;230;#4FL;FORMALETA LOSA  PLUS 4.0;60x120x0x0;0,72;23015390311;AA0292
1856-22;FL;5;231;#4FL;FORMALETA LOSA  PLUS 4.0;60x120x0x0;0,72;23115390311;AA0293
1856-22;FL;5;232;#4FL;FORMALETA LOSA  PLUS 4.0;60x120x0x0;0,72;23215390311;AA0294
1856-22;FL;5;233;#4FL;FORMALETA LOSA  PLUS 4.0;60x120x0x0;0,72;23315390311;AA0295
1856-22;FL;5;234;#4FL;FORMALETA LOSA  PLUS 4.0;60x120x0x0;0,72;23415390311;AA0296
1856-22;FL;5;235;#4FL;FORMALETA LOSA  PLUS 4.0;60x120x0x0;0,72;23515390311;AA0297
1856-22;FL;5;236;#4FL;FORMALETA LOSA  PLUS 4.0;60x120x0x0;0,72;23615390311;AA0298
1856-22;FL;5;237;#4FL;FORMALETA LOSA  PLUS 4.0;60x120x0x0;0,72;23715390311;AA0299
1856-22;FL;5;238;#4FL;FORMALETA LOSA  PLUS 4.0;60x120x0x0;0,72;23815390311;AA0300
1856-22;FL;5;239;#4FL;FORMALETA LOSA  PLUS 4.0;60x120x0x0;0,72;23915390311;AA0301
1856-22;FL;5;240;#4FL;FORMALETA LOSA  PLUS 4.0;60x120x0x0;0,72;24015390311;AA0302
1856-22;FL;5;241;#4FL;FORMALETA LOSA  PLUS 4.0;60x120x0x0;0,72;24115390311;AA0303
1856-22;FL;5;242;#4FL;FORMALETA LOSA  PLUS 4.0;60x120x0x0;0,72;24215390311;AA0304
1856-22;FL;5;243;#4FL;FORMALETA LOSA  PLUS 4.0;60x120x0x0;0,72;24315390311;AA0305
1856-22;FL;5;244;#4FL;FORMALETA LOSA  PLUS 4.0;60x120x0x0;0,72;24415390311;AA0306
1856-22;FL;5;245;#4FL;FORMALETA LOSA  PLUS 4.0;60x120x0x0;0,72;24515390311;AA0307
1856-22;FL;5;246;#4FL;FORMALETA LOSA  PLUS 4.0;60x120x0x0;0,72;24615390311;AA0308
1856-22;FL;5;247;#4FL;FORMALETA LOSA  PLUS 4.0;60x120x0x0;0,72;24715390311;AA0309
1856-22;FL;5;248;#4FL;FORMALETA LOSA  PLUS 4.0;60x120x0x0;0,72;24815390311;AA0310
1856-22;FL;5;249;#4FL;FORMALETA LOSA  PLUS 4.0;60x120x0x0;0,72;24915390311;AA0311
1856-22;FL;5;250;#4FL;FORMALETA LOSA  PLUS 4.0;60x120x0x0;0,72;25015390311;AA0312
1856-22;FL;5;251;#4FL;FORMALETA LOSA  PLUS 4.0;60x120x0x0;0,72;25115390311;AA0313
1856-22;FL;5;252;#4FL;FORMALETA LOSA  PLUS 4.0;60x120x0x0;0,72;25215390311;AA0314
1856-22;FL;6;1;#4FL;FORMALETA LOSA  PLUS 4.0;58.3x120x0x0;0,7;115390312;AA0315
1856-22;FL;6;2;#4FL;FORMALETA LOSA  PLUS 4.0;58.3x120x0x0;0,7;215390312;AA0316
1856-22;FL;6;3;#4FL;FORMALETA LOSA  PLUS 4.0;58.3x120x0x0;0,7;315390312;AA0317
1856-22;FL;6;4;#4FL;FORMALETA LOSA  PLUS 4.0;58.3x120x0x0;0,7;415390312;AA0318
1856-22;FL;6;5;#4FL;FORMALETA LOSA  PLUS 4.0;58.3x120x0x0;0,7;515390312;AA0319
1856-22;FL;6;6;#4FL;FORMALETA LOSA  PLUS 4.0;58.3x120x0x0;0,7;615390312;AA0320
1856-22;FL;6;7;#4FL;FORMALETA LOSA  PLUS 4.0;58.3x120x0x0;0,7;715390312;AA0321
1856-22;FL;6;8;#4FL;FORMALETA LOSA  PLUS 4.0;58.3x120x0x0;0,7;815390312;AA0322
1856-22;FL;6;9;#4FL;FORMALETA LOSA  PLUS 4.0;58.3x120x0x0;0,7;915390312;AA0323
1856-22;FL;6;10;#4FL;FORMALETA LOSA  PLUS 4.0;58.3x120x0x0;0,7;1015390312;AA0324
1856-22;FL;6;11;#4FL;FORMALETA LOSA  PLUS 4.0;58.3x120x0x0;0,7;1115390312;AA0325
1856-22;FL;6;12;#4FL;FORMALETA LOSA  PLUS 4.0;58.3x120x0x0;0,7;1215390312;AA0326
1856-22;FL;6;13;#4FL;FORMALETA LOSA  PLUS 4.0;58.3x120x0x0;0,7;1315390312;AA0327
1856-22;FL;6;14;#4FL;FORMALETA LOSA  PLUS 4.0;58.3x120x0x0;0,7;1415390312;AA0328
1856-22;FL;6;15;#4FL;FORMALETA LOSA  PLUS 4.0;58.3x120x0x0;0,7;1515390312;AA0329
1856-22;FL;6;16;#4FL;FORMALETA LOSA  PLUS 4.0;58.3x120x0x0;0,7;1615390312;AA0330
1856-22;FL;7;1;#4FL;FORMALETA LOSA  PLUS 4.0;30x120x0x0;0,36;115390313;AA0331
1856-22;FL;7;2;#4FL;FORMALETA LOSA  PLUS 4.0;30x120x0x0;0,36;215390313;AA0332
1856-22;FL;7;3;#4FL;FORMALETA LOSA  PLUS 4.0;30x120x0x0;0,36;315390313;AA0333
1856-22;FL;7;4;#4FL;FORMALETA LOSA  PLUS 4.0;30x120x0x0;0,36;415390313;AA0334
1856-22;FL;8;1;#4FL;FORMALETA LOSA  PLUS 4.0;25x120x0x0;0,3;115390314;AA0335
1856-22;FL;8;2;#4FL;FORMALETA LOSA  PLUS 4.0;25x120x0x0;0,3;215390314;AA0336
1856-22;FL;8;3;#4FL;FORMALETA LOSA  PLUS 4.0;25x120x0x0;0,3;315390314;AA0337
1856-22;FL;8;4;#4FL;FORMALETA LOSA  PLUS 4.0;25x120x0x0;0,3;415390314;AA0338
1856-22;FL;8;5;#4FL;FORMALETA LOSA  PLUS 4.0;25x120x0x0;0,3;515390314;AA0339
1856-22;FL;8;6;#4FL;FORMALETA LOSA  PLUS 4.0;25x120x0x0;0,3;615390314;AA0340
1856-22;FL;8;7;#4FL;FORMALETA LOSA  PLUS 4.0;25x120x0x0;0,3;715390314;AA0341
1856-22;FL;8;8;#4FL;FORMALETA LOSA  PLUS 4.0;25x120x0x0;0,3;815390314;AA0342
1856-22;FL;8;9;#4FL;FORMALETA LOSA  PLUS 4.0;25x120x0x0;0,3;915390314;AA0343
1856-22;FL;8;10;#4FL;FORMALETA LOSA  PLUS 4.0;25x120x0x0;0,3;1015390314;AA0344
1856-22;FL;8;11;#4FL;FORMALETA LOSA  PLUS 4.0;25x120x0x0;0,3;1115390314;AA0345
1856-22;FL;8;12;#4FL;FORMALETA LOSA  PLUS 4.0;25x120x0x0;0,3;1215390314;AA0346
1856-22;FL;8;13;#4FL;FORMALETA LOSA  PLUS 4.0;25x120x0x0;0,3;1315390314;AA0347
1856-22;FL;8;14;#4FL;FORMALETA LOSA  PLUS 4.0;25x120x0x0;0,3;1415390314;AA0348
1856-22;FL;8;15;#4FL;FORMALETA LOSA  PLUS 4.0;25x120x0x0;0,3;1515390314;AA0349
1856-22;FL;8;16;#4FL;FORMALETA LOSA  PLUS 4.0;25x120x0x0;0,3;1615390314;AA0350
1856-22;FL;8;17;#4FL;FORMALETA LOSA  PLUS 4.0;25x120x0x0;0,3;1715390314;AA0351
1856-22;FL;8;18;#4FL;FORMALETA LOSA  PLUS 4.0;25x120x0x0;0,3;1815390314;AA0352
1856-22;FL;8;19;#4FL;FORMALETA LOSA  PLUS 4.0;25x120x0x0;0,3;1915390314;AA0353
1856-22;FL;8;20;#4FL;FORMALETA LOSA  PLUS 4.0;25x120x0x0;0,3;2015390314;AA0354
1856-22;FL;9;1;#4FL;FORMALETA LOSA  PLUS 4.0;60x118.3x0x0;0,71;115390315;AA0355
1856-22;FL;9;2;#4FL;FORMALETA LOSA  PLUS 4.0;60x118.3x0x0;0,71;215390315;AA0356
1856-22;FL;9;3;#4FL;FORMALETA LOSA  PLUS 4.0;60x118.3x0x0;0,71;315390315;AA0357
1856-22;FL;9;4;#4FL;FORMALETA LOSA  PLUS 4.0;60x118.3x0x0;0,71;415390315;AA0358
1856-22;FL;10;1;#4FL;FORMALETA LOSA  PLUS 4.0;30x118.3x0x0;0,35;115390316;AA0359
1856-22;FL;10;2;#4FL;FORMALETA LOSA  PLUS 4.0;30x118.3x0x0;0,35;215390316;AA0360
1856-22;FL;10;3;#4FL;FORMALETA LOSA  PLUS 4.0;30x118.3x0x0;0,35;315390316;AA0361
1856-22;FL;10;4;#4FL;FORMALETA LOSA  PLUS 4.0;30x118.3x0x0;0,35;415390316;AA0362
1856-22;FL;11;1;#4FL;FORMALETA LOSA  PLUS 4.0;60x90x0x0;0,54;115390317;AA0363
1856-22;FL;11;2;#4FL;FORMALETA LOSA  PLUS 4.0;60x90x0x0;0,54;215390317;AA0364
1856-22;FL;11;3;#4FL;FORMALETA LOSA  PLUS 4.0;60x90x0x0;0,54;315390317;AA0365
1856-22;FL;11;4;#4FL;FORMALETA LOSA  PLUS 4.0;60x90x0x0;0,54;415390317;AA0366
1856-22;FL;11;5;#4FL;FORMALETA LOSA  PLUS 4.0;60x90x0x0;0,54;515390317;AA0367
1856-22;FL;11;6;#4FL;FORMALETA LOSA  PLUS 4.0;60x90x0x0;0,54;615390317;AA0368
1856-22;FL;11;7;#4FL;FORMALETA LOSA  PLUS 4.0;60x90x0x0;0,54;715390317;AA0369
1856-22;FL;11;8;#4FL;FORMALETA LOSA  PLUS 4.0;60x90x0x0;0,54;815390317;AA0370
1856-22;FL;11;9;#4FL;FORMALETA LOSA  PLUS 4.0;60x90x0x0;0,54;915390317;AA0371
1856-22;FL;11;10;#4FL;FORMALETA LOSA  PLUS 4.0;60x90x0x0;0,54;1015390317;AA0372
1856-22;FL;11;11;#4FL;FORMALETA LOSA  PLUS 4.0;60x90x0x0;0,54;1115390317;AA0373
1856-22;FL;11;12;#4FL;FORMALETA LOSA  PLUS 4.0;60x90x0x0;0,54;1215390317;AA0374
1856-22;FL;11;13;#4FL;FORMALETA LOSA  PLUS 4.0;60x90x0x0;0,54;1315390317;AA0375
1856-22;FL;11;14;#4FL;FORMALETA LOSA  PLUS 4.0;60x90x0x0;0,54;1415390317;AA0376
1856-22;FL;11;15;#4FL;FORMALETA LOSA  PLUS 4.0;60x90x0x0;0,54;1515390317;AA0377
1856-22;FL;11;16;#4FL;FORMALETA LOSA  PLUS 4.0;60x90x0x0;0,54;1615390317;AA0378
1856-22;FL;11;17;#4FL;FORMALETA LOSA  PLUS 4.0;60x90x0x0;0,54;1715390317;AA0379
1856-22;FL;11;18;#4FL;FORMALETA LOSA  PLUS 4.0;60x90x0x0;0,54;1815390317;AA0380
1856-22;FL;11;19;#4FL;FORMALETA LOSA  PLUS 4.0;60x90x0x0;0,54;1915390317;AA0381
1856-22;FL;11;20;#4FL;FORMALETA LOSA  PLUS 4.0;60x90x0x0;0,54;2015390317;AA0382
1856-22;FL;12;1;#4FL;FORMALETA LOSA  PLUS 4.0;60x72.3x0x0;0,43;115390318;AA0383
1856-22;FL;12;2;#4FL;FORMALETA LOSA  PLUS 4.0;60x72.3x0x0;0,43;215390318;AA0384
1856-22;FL;12;3;#4FL;FORMALETA LOSA  PLUS 4.0;60x72.3x0x0;0,43;315390318;AA0385
1856-22;FL;12;4;#4FL;FORMALETA LOSA  PLUS 4.0;60x72.3x0x0;0,43;415390318;AA0386
1856-22;FL;12;5;#4FL;FORMALETA LOSA  PLUS 4.0;60x72.3x0x0;0,43;515390318;AA0387
1856-22;FL;12;6;#4FL;FORMALETA LOSA  PLUS 4.0;60x72.3x0x0;0,43;615390318;AA0388
1856-22;FL;12;7;#4FL;FORMALETA LOSA  PLUS 4.0;60x72.3x0x0;0,43;715390318;AA0389
1856-22;FL;12;8;#4FL;FORMALETA LOSA  PLUS 4.0;60x72.3x0x0;0,43;815390318;AA0390
1856-22;FL;12;9;#4FL;FORMALETA LOSA  PLUS 4.0;60x72.3x0x0;0,43;915390318;AA0391
1856-22;FL;12;10;#4FL;FORMALETA LOSA  PLUS 4.0;60x72.3x0x0;0,43;1015390318;AA0392
1856-22;FL;12;11;#4FL;FORMALETA LOSA  PLUS 4.0;60x72.3x0x0;0,43;1115390318;AA0393
1856-22;FL;12;12;#4FL;FORMALETA LOSA  PLUS 4.0;60x72.3x0x0;0,43;1215390318;AA0394
1856-22;FL;12;13;#4FL;FORMALETA LOSA  PLUS 4.0;60x72.3x0x0;0,43;1315390318;AA0395
1856-22;FL;12;14;#4FL;FORMALETA LOSA  PLUS 4.0;60x72.3x0x0;0,43;1415390318;AA0396
1856-22;FL;12;15;#4FL;FORMALETA LOSA  PLUS 4.0;60x72.3x0x0;0,43;1515390318;AA0397
1856-22;FL;12;16;#4FL;FORMALETA LOSA  PLUS 4.0;60x72.3x0x0;0,43;1615390318;AA0398
1856-22;FL;12;17;#4FL;FORMALETA LOSA  PLUS 4.0;60x72.3x0x0;0,43;1715390318;AA0399
1856-22;FL;12;18;#4FL;FORMALETA LOSA  PLUS 4.0;60x72.3x0x0;0,43;1815390318;AA0400
1856-22;FL;12;19;#4FL;FORMALETA LOSA  PLUS 4.0;60x72.3x0x0;0,43;1915390318;AA0401
1856-22;FL;12;20;#4FL;FORMALETA LOSA  PLUS 4.0;60x72.3x0x0;0,43;2015390318;AA0402
1856-22;FL;12;21;#4FL;FORMALETA LOSA  PLUS 4.0;60x72.3x0x0;0,43;2115390318;AA0403
1856-22;FL;12;22;#4FL;FORMALETA LOSA  PLUS 4.0;60x72.3x0x0;0,43;2215390318;AA0404
1856-22;FL;12;23;#4FL;FORMALETA LOSA  PLUS 4.0;60x72.3x0x0;0,43;2315390318;AA0405
1856-22;FL;12;24;#4FL;FORMALETA LOSA  PLUS 4.0;60x72.3x0x0;0,43;2415390318;AA0406
1856-22;FL;12;25;#4FL;FORMALETA LOSA  PLUS 4.0;60x72.3x0x0;0,43;2515390318;AA0407
1856-22;FL;12;26;#4FL;FORMALETA LOSA  PLUS 4.0;60x72.3x0x0;0,43;2615390318;AA0408
1856-22;FL;12;27;#4FL;FORMALETA LOSA  PLUS 4.0;60x72.3x0x0;0,43;2715390318;AA0409
1856-22;FL;12;28;#4FL;FORMALETA LOSA  PLUS 4.0;60x72.3x0x0;0,43;2815390318;AA0410
1856-22;FL;13;1;#4FL;FORMALETA LOSA  PLUS 4.0;25x72.3x0x0;0,18;115390319;AA0411
1856-22;FL;13;2;#4FL;FORMALETA LOSA  PLUS 4.0;25x72.3x0x0;0,18;215390319;AA0412
1856-22;FL;13;3;#4FL;FORMALETA LOSA  PLUS 4.0;25x72.3x0x0;0,18;315390319;AA0413
1856-22;FL;13;4;#4FL;FORMALETA LOSA  PLUS 4.0;25x72.3x0x0;0,18;415390319;AA0414
1856-22;FL;1;1;#4CPAT;FORMALETA CAPS ANGULAR CON TAPA PLUS 4.0;20x95x0x15;0,36;115402402;AA0415
1856-22;FL;1;2;#4CPAT;FORMALETA CAPS ANGULAR CON TAPA PLUS 4.0;20x95x0x15;0,36;215402402;AA0416
1856-22;FL;1;3;#4CPAT;FORMALETA CAPS ANGULAR CON TAPA PLUS 4.0;20x95x0x15;0,36;315402402;AA0417
1856-22;FL;1;4;#4CPAT;FORMALETA CAPS ANGULAR CON TAPA PLUS 4.0;20x95x0x15;0,36;415402402;AA0418
1856-22;FL;1;5;#4CPAT;FORMALETA CAPS ANGULAR CON TAPA PLUS 4.0;20x95x0x15;0,36;515402402;AA0419
1856-22;FL;1;6;#4CPAT;FORMALETA CAPS ANGULAR CON TAPA PLUS 4.0;20x95x0x15;0,36;615402402;AA0420
1856-22;FL;1;7;#4CPAT;FORMALETA CAPS ANGULAR CON TAPA PLUS 4.0;20x95x0x15;0,36;715402402;AA0421
1856-22;FL;1;8;#4CPAT;FORMALETA CAPS ANGULAR CON TAPA PLUS 4.0;20x95x0x15;0,36;815402402;AA0422
1856-22;FL;1;9;#4CPAT;FORMALETA CAPS ANGULAR CON TAPA PLUS 4.0;20x95x0x15;0,36;915402402;AA0423
1856-22;FL;1;10;#4CPAT;FORMALETA CAPS ANGULAR CON TAPA PLUS 4.0;20x95x0x15;0,36;1015402402;AA0424
1856-22;FL;1;11;#4CPAT;FORMALETA CAPS ANGULAR CON TAPA PLUS 4.0;20x95x0x15;0,36;1115402402;AA0425
1856-22;FL;1;12;#4CPAT;FORMALETA CAPS ANGULAR CON TAPA PLUS 4.0;20x95x0x15;0,36;1215402402;AA0426
1856-22;FL;1;13;#4CPAT;FORMALETA CAPS ANGULAR CON TAPA PLUS 4.0;20x95x0x15;0,36;1315402402;AA0427
1856-22;FL;1;14;#4CPAT;FORMALETA CAPS ANGULAR CON TAPA PLUS 4.0;20x95x0x15;0,36;1415402402;AA0428
1856-22;FL;1;15;#4CPAT;FORMALETA CAPS ANGULAR CON TAPA PLUS 4.0;20x95x0x15;0,36;1515402402;AA0429
1856-22;FL;1;16;#4CPAT;FORMALETA CAPS ANGULAR CON TAPA PLUS 4.0;20x95x0x15;0,36;1615402402;AA0430
1856-22;FL;1;17;#4CPAT;FORMALETA CAPS ANGULAR CON TAPA PLUS 4.0;20x95x0x15;0,36;1715402402;AA0431
1856-22;FL;1;18;#4CPAT;FORMALETA CAPS ANGULAR CON TAPA PLUS 4.0;20x95x0x15;0,36;1815402402;AA0432
1856-22;FL;2;1;#4FL;FORMALETA LOSA  PLUS 4.0;79.1x125x0x0;0,99;115402403;AA0433
1856-22;FL;3;1;#4FL;FORMALETA LOSA  PLUS 4.0;37.3x124.9x0x0;0,47;115402404;AA0434
1856-22;FL;4;1;#4FL;FORMALETA LOSA  PLUS 4.0;60x102.3x0x0;0,61;115402405;AA0435
1856-22;FL;4;2;#4FL;FORMALETA LOSA  PLUS 4.0;60x102.3x0x0;0,61;215402405;AA0436
1856-22;FL;4;3;#4FL;FORMALETA LOSA  PLUS 4.0;60x102.3x0x0;0,61;315402405;AA0437
1856-22;UM;3;1;#4EQL;ESQUINA LISA PLUS 4.0;29.9x184.2x0x0;0,83;115402384;AA0438
1856-22;UM;3;2;#4EQL;ESQUINA LISA PLUS 4.0;29.9x184.2x0x0;0,83;215402384;AA0439
1856-22;UM;3;3;#4EQL;ESQUINA LISA PLUS 4.0;29.9x184.2x0x0;0,83;315402384;AA0440
1856-22;UM;3;4;#4EQL;ESQUINA LISA PLUS 4.0;29.9x184.2x0x0;0,83;415402384;AA0441
1856-22;UM;3;5;#4EQL;ESQUINA LISA PLUS 4.0;29.9x184.2x0x0;0,83;515402384;AA0442
1856-22;UM;3;6;#4EQL;ESQUINA LISA PLUS 4.0;29.9x184.2x0x0;0,83;615402384;AA0443
1856-22;UM;3;7;#4EQL;ESQUINA LISA PLUS 4.0;29.9x184.2x0x0;0,83;715402384;AA0444
1856-22;UM;3;8;#4EQL;ESQUINA LISA PLUS 4.0;29.9x184.2x0x0;0,83;815402384;AA0445
1856-22;UM;4;1;#4EQL-2PCC;ESQUINA LISA CON 2PCC PLUS 4.0;30.7x49.1x0x0;0,2;115402385;AA0446
1856-22;UM;4;2;#4EQL-2PCC;ESQUINA LISA CON 2PCC PLUS 4.0;30.7x49.1x0x0;0,2;215402385;AA0447
1856-22;UM;4;3;#4EQL-2PCC;ESQUINA LISA CON 2PCC PLUS 4.0;30.7x49.1x0x0;0,2;315402385;AA0448
1856-22;UM;4;4;#4EQL-2PCC;ESQUINA LISA CON 2PCC PLUS 4.0;30.7x49.1x0x0;0,2;415402385;AA0449
1856-22;UM;4;5;#4EQL-2PCC;ESQUINA LISA CON 2PCC PLUS 4.0;30.7x49.1x0x0;0,2;515402385;AA0450
1856-22;UM;4;6;#4EQL-2PCC;ESQUINA LISA CON 2PCC PLUS 4.0;30.7x49.1x0x0;0,2;615402385;AA0451
1856-22;UM;4;7;#4EQL-2PCC;ESQUINA LISA CON 2PCC PLUS 4.0;30.7x49.1x0x0;0,2;715402385;AA0452
1856-22;UM;4;8;#4EQL-2PCC;ESQUINA LISA CON 2PCC PLUS 4.0;30.7x49.1x0x0;0,2;815402385;AA0453
1856-22;UM;5;1;#4EQL-2PCC;ESQUINA LISA CON 2PCC PLUS 4.0;30.7x49x0x0;0,25;115402386;AA0454
1856-22;UM;5;2;#4EQL-2PCC;ESQUINA LISA CON 2PCC PLUS 4.0;30.7x49x0x0;0,25;215402386;AA0455
1856-22;UM;5;3;#4EQL-2PCC;ESQUINA LISA CON 2PCC PLUS 4.0;30.7x49x0x0;0,25;315402386;AA0456
1856-22;UM;5;4;#4EQL-2PCC;ESQUINA LISA CON 2PCC PLUS 4.0;30.7x49x0x0;0,25;415402386;AA0457
1856-22;UM;6;1;#4EQL-2PCC;ESQUINA LISA CON 2PCC PLUS 4.0;30.7x45.2x0x0;0,21;115402387;AA0458
1856-22;UM;2;1;#4EQL;ESQUINA LISA PLUS 4.0;31.2x243.8x0x0;1,13;115402383;AA0459
1856-22;UM;2;2;#4EQL;ESQUINA LISA PLUS 4.0;31.2x243.8x0x0;1,13;215402383;AA0460
1856-22;UM;2;3;#4EQL;ESQUINA LISA PLUS 4.0;31.2x243.8x0x0;1,13;315402383;AA0461
1856-22;UM;2;4;#4EQL;ESQUINA LISA PLUS 4.0;31.2x243.8x0x0;1,13;415402383;AA0462
1856-22;FM;3;1;#4FM;FORMALETA MURO PLUS 4.0;60x152.5x0x0;0,92;115430984;AA0463
1856-22;FM;3;2;#4FM;FORMALETA MURO PLUS 4.0;60x152.5x0x0;0,92;215430984;AA0464
1856-22;FM;3;3;#4FM;FORMALETA MURO PLUS 4.0;60x152.5x0x0;0,92;315430984;AA0465
1856-22;FM;3;4;#4FM;FORMALETA MURO PLUS 4.0;60x152.5x0x0;0,92;415430984;AA0466
1856-22;FM;3;5;#4FM;FORMALETA MURO PLUS 4.0;60x152.5x0x0;0,92;515430984;AA0467
1856-22;FM;3;6;#4FM;FORMALETA MURO PLUS 4.0;60x152.5x0x0;0,92;615430984;AA0468
1856-22;FM;3;7;#4FM;FORMALETA MURO PLUS 4.0;60x152.5x0x0;0,92;715430984;AA0469
1856-22;FM;3;8;#4FM;FORMALETA MURO PLUS 4.0;60x152.5x0x0;0,92;815430984;AA0470
1856-22;FM;3;9;#4FM;FORMALETA MURO PLUS 4.0;60x152.5x0x0;0,92;915430984;AA0471
1856-22;FM;3;10;#4FM;FORMALETA MURO PLUS 4.0;60x152.5x0x0;0,92;1015430984;AA0472
1856-22;FM;3;11;#4FM;FORMALETA MURO PLUS 4.0;60x152.5x0x0;0,92;1115430984;AA0473
1856-22;FM;3;12;#4FM;FORMALETA MURO PLUS 4.0;60x152.5x0x0;0,92;1215430984;AA0474
1856-22;FM;3;13;#4FM;FORMALETA MURO PLUS 4.0;60x152.5x0x0;0,92;1315430984;AA0475
1856-22;FM;3;14;#4FM;FORMALETA MURO PLUS 4.0;60x152.5x0x0;0,92;1415430984;AA0476
1856-22;FM;3;15;#4FM;FORMALETA MURO PLUS 4.0;60x152.5x0x0;0,92;1515430984;AA0477
1856-22;FM;3;16;#4FM;FORMALETA MURO PLUS 4.0;60x152.5x0x0;0,92;1615430984;AA0478
1856-22;FM;3;17;#4FM;FORMALETA MURO PLUS 4.0;60x152.5x0x0;0,92;1715430984;AA0479
1856-22;FM;3;18;#4FM;FORMALETA MURO PLUS 4.0;60x152.5x0x0;0,92;1815430984;AA0480
1856-22;FM;3;19;#4FM;FORMALETA MURO PLUS 4.0;60x152.5x0x0;0,92;1915430984;AA0481
1856-22;FM;3;20;#4FM;FORMALETA MURO PLUS 4.0;60x152.5x0x0;0,92;2015430984;AA0482
1856-22;FM;3;21;#4FM;FORMALETA MURO PLUS 4.0;60x152.5x0x0;0,92;2115430984;AA0483
1856-22;FM;3;22;#4FM;FORMALETA MURO PLUS 4.0;60x152.5x0x0;0,92;2215430984;AA0484
1856-22;FM;3;23;#4FM;FORMALETA MURO PLUS 4.0;60x152.5x0x0;0,92;2315430984;AA0485
1856-22;FM;3;24;#4FM;FORMALETA MURO PLUS 4.0;60x152.5x0x0;0,92;2415430984;AA0486
1856-22;FM;3;25;#4FM;FORMALETA MURO PLUS 4.0;60x152.5x0x0;0,92;2515430984;AA0487
1856-22;FM;3;26;#4FM;FORMALETA MURO PLUS 4.0;60x152.5x0x0;0,92;2615430984;AA0488
1856-22;FM;3;27;#4FM;FORMALETA MURO PLUS 4.0;60x152.5x0x0;0,92;2715430984;AA0489
1856-22;FM;3;28;#4FM;FORMALETA MURO PLUS 4.0;60x152.5x0x0;0,92;2815430984;AA0490
1856-22;FM;3;29;#4FM;FORMALETA MURO PLUS 4.0;60x152.5x0x0;0,92;2915430984;AA0491
1856-22;FM;3;30;#4FM;FORMALETA MURO PLUS 4.0;60x152.5x0x0;0,92;3015430984;AA0492
1856-22;FM;3;31;#4FM;FORMALETA MURO PLUS 4.0;60x152.5x0x0;0,92;3115430984;AA0493
1856-22;FM;3;32;#4FM;FORMALETA MURO PLUS 4.0;60x152.5x0x0;0,92;3215430984;AA0494
1856-22;FM;3;33;#4FM;FORMALETA MURO PLUS 4.0;60x152.5x0x0;0,92;3315430984;AA0495
1856-22;FM;3;34;#4FM;FORMALETA MURO PLUS 4.0;60x152.5x0x0;0,92;3415430984;AA0496
1856-22;FM;3;35;#4FM;FORMALETA MURO PLUS 4.0;60x152.5x0x0;0,92;3515430984;AA0497
1856-22;FM;3;36;#4FM;FORMALETA MURO PLUS 4.0;60x152.5x0x0;0,92;3615430984;AA0498
1856-22;FM;3;37;#4FM;FORMALETA MURO PLUS 4.0;60x152.5x0x0;0,92;3715430984;AA0499
1856-22;FM;3;38;#4FM;FORMALETA MURO PLUS 4.0;60x152.5x0x0;0,92;3815430984;AA0500
1856-22;FM;3;39;#4FM;FORMALETA MURO PLUS 4.0;60x152.5x0x0;0,92;3915430984;AA0501
1856-22;FM;3;40;#4FM;FORMALETA MURO PLUS 4.0;60x152.5x0x0;0,92;4015430984;AA0502
1856-22;FM;3;41;#4FM;FORMALETA MURO PLUS 4.0;60x152.5x0x0;0,92;4115430984;AA0503
1856-22;FM;3;42;#4FM;FORMALETA MURO PLUS 4.0;60x152.5x0x0;0,92;4215430984;AA0504
1856-22;FM;3;43;#4FM;FORMALETA MURO PLUS 4.0;60x152.5x0x0;0,92;4315430984;AA0505
1856-22;FM;3;44;#4FM;FORMALETA MURO PLUS 4.0;60x152.5x0x0;0,92;4415430984;AA0506
1856-22;FM;3;45;#4FM;FORMALETA MURO PLUS 4.0;60x152.5x0x0;0,92;4515430984;AA0507
1856-22;FM;3;46;#4FM;FORMALETA MURO PLUS 4.0;60x152.5x0x0;0,92;4615430984;AA0508
1856-22;FM;3;47;#4FM;FORMALETA MURO PLUS 4.0;60x152.5x0x0;0,92;4715430984;AA0509
1856-22;FM;3;48;#4FM;FORMALETA MURO PLUS 4.0;60x152.5x0x0;0,92;4815430984;AA0510
1856-22;FM;3;49;#4FM;FORMALETA MURO PLUS 4.0;60x152.5x0x0;0,92;4915430984;AA0511
1856-22;FM;3;50;#4FM;FORMALETA MURO PLUS 4.0;60x152.5x0x0;0,92;5015430984;AA0512
1856-22;FM;3;51;#4FM;FORMALETA MURO PLUS 4.0;60x152.5x0x0;0,92;5115430984;AA0513
1856-22;FM;3;52;#4FM;FORMALETA MURO PLUS 4.0;60x152.5x0x0;0,92;5215430984;AA0514
1856-22;FM;3;53;#4FM;FORMALETA MURO PLUS 4.0;60x152.5x0x0;0,92;5315430984;AA0515
1856-22;FM;3;54;#4FM;FORMALETA MURO PLUS 4.0;60x152.5x0x0;0,92;5415430984;AA0516
1856-22;FM;3;55;#4FM;FORMALETA MURO PLUS 4.0;60x152.5x0x0;0,92;5515430984;AA0517
1856-22;FM;3;56;#4FM;FORMALETA MURO PLUS 4.0;60x152.5x0x0;0,92;5615430984;AA0518
1856-22;FM;3;57;#4FM;FORMALETA MURO PLUS 4.0;60x152.5x0x0;0,92;5715430984;AA0519
1856-22;FM;3;58;#4FM;FORMALETA MURO PLUS 4.0;60x152.5x0x0;0,92;5815430984;AA0520
1856-22;FM;3;59;#4FM;FORMALETA MURO PLUS 4.0;60x152.5x0x0;0,92;5915430984;AA0521
1856-22;FM;3;60;#4FM;FORMALETA MURO PLUS 4.0;60x152.5x0x0;0,92;6015430984;AA0522
1856-22;FM;3;61;#4FM;FORMALETA MURO PLUS 4.0;60x152.5x0x0;0,92;6115430984;AA0523
1856-22;FM;3;62;#4FM;FORMALETA MURO PLUS 4.0;60x152.5x0x0;0,92;6215430984;AA0524
1856-22;FM;3;63;#4FM;FORMALETA MURO PLUS 4.0;60x152.5x0x0;0,92;6315430984;AA0525
1856-22;FM;3;64;#4FM;FORMALETA MURO PLUS 4.0;60x152.5x0x0;0,92;6415430984;AA0526
1856-22;FM;3;65;#4FM;FORMALETA MURO PLUS 4.0;60x152.5x0x0;0,92;6515430984;AA0527
1856-22;FM;3;66;#4FM;FORMALETA MURO PLUS 4.0;60x152.5x0x0;0,92;6615430984;AA0528
1856-22;FM;3;67;#4FM;FORMALETA MURO PLUS 4.0;60x152.5x0x0;0,92;6715430984;AA0529
1856-22;FM;3;68;#4FM;FORMALETA MURO PLUS 4.0;60x152.5x0x0;0,92;6815430984;AA0530
1856-22;FM;3;69;#4FM;FORMALETA MURO PLUS 4.0;60x152.5x0x0;0,92;6915430984;AA0531
1856-22;FM;3;70;#4FM;FORMALETA MURO PLUS 4.0;60x152.5x0x0;0,92;7015430984;AA0532
1856-22;FM;3;71;#4FM;FORMALETA MURO PLUS 4.0;60x152.5x0x0;0,92;7115430984;AA0533
1856-22;FM;3;72;#4FM;FORMALETA MURO PLUS 4.0;60x152.5x0x0;0,92;7215430984;AA0534
1856-22;FM;3;73;#4FM;FORMALETA MURO PLUS 4.0;60x152.5x0x0;0,92;7315430984;AA0535
1856-22;FM;3;74;#4FM;FORMALETA MURO PLUS 4.0;60x152.5x0x0;0,92;7415430984;AA0536
1856-22;FM;3;75;#4FM;FORMALETA MURO PLUS 4.0;60x152.5x0x0;0,92;7515430984;AA0537
1856-22;FM;3;76;#4FM;FORMALETA MURO PLUS 4.0;60x152.5x0x0;0,92;7615430984;AA0538
1856-22;FM;3;77;#4FM;FORMALETA MURO PLUS 4.0;60x152.5x0x0;0,92;7715430984;AA0539
1856-22;FM;3;78;#4FM;FORMALETA MURO PLUS 4.0;60x152.5x0x0;0,92;7815430984;AA0540
1856-22;FM;3;79;#4FM;FORMALETA MURO PLUS 4.0;60x152.5x0x0;0,92;7915430984;AA0541
1856-22;FM;3;80;#4FM;FORMALETA MURO PLUS 4.0;60x152.5x0x0;0,92;8015430984;AA0542
1856-22;FM;3;81;#4FM;FORMALETA MURO PLUS 4.0;60x152.5x0x0;0,92;8115430984;AA0543
1856-22;FM;3;82;#4FM;FORMALETA MURO PLUS 4.0;60x152.5x0x0;0,92;8215430984;AA0544
1856-22;FM;3;83;#4FM;FORMALETA MURO PLUS 4.0;60x152.5x0x0;0,92;8315430984;AA0545
1856-22;FM;3;84;#4FM;FORMALETA MURO PLUS 4.0;60x152.5x0x0;0,92;8415430984;AA0546
1856-22;FM;3;85;#4FM;FORMALETA MURO PLUS 4.0;60x152.5x0x0;0,92;8515430984;AA0547
1856-22;FM;3;86;#4FM;FORMALETA MURO PLUS 4.0;60x152.5x0x0;0,92;8615430984;AA0548
1856-22;FM;2;1;#4FM;FORMALETA MURO PLUS 4.0;60x183x0x0;1,1;115430983;AA0549
1856-22;FM;2;2;#4FM;FORMALETA MURO PLUS 4.0;60x183x0x0;1,1;215430983;AA0550
1856-22;FM;2;3;#4FM;FORMALETA MURO PLUS 4.0;60x183x0x0;1,1;315430983;AA0551
1856-22;FM;2;4;#4FM;FORMALETA MURO PLUS 4.0;60x183x0x0;1,1;415430983;AA0552
1856-22;FM;2;5;#4FM;FORMALETA MURO PLUS 4.0;60x183x0x0;1,1;515430983;AA0553
1856-22;FM;2;6;#4FM;FORMALETA MURO PLUS 4.0;60x183x0x0;1,1;615430983;AA0554
1856-22;FM;2;7;#4FM;FORMALETA MURO PLUS 4.0;60x183x0x0;1,1;715430983;AA0555
1856-22;FM;2;8;#4FM;FORMALETA MURO PLUS 4.0;60x183x0x0;1,1;815430983;AA0556
1856-22;FM;2;9;#4FM;FORMALETA MURO PLUS 4.0;60x183x0x0;1,1;915430983;AA0557
1856-22;FM;2;10;#4FM;FORMALETA MURO PLUS 4.0;60x183x0x0;1,1;1015430983;AA0558
1856-22;FM;2;11;#4FM;FORMALETA MURO PLUS 4.0;60x183x0x0;1,1;1115430983;AA0559
1856-22;FM;2;12;#4FM;FORMALETA MURO PLUS 4.0;60x183x0x0;1,1;1215430983;AA0560
1856-22;FM;2;13;#4FM;FORMALETA MURO PLUS 4.0;60x183x0x0;1,1;1315430983;AA0561
1856-22;FM;2;14;#4FM;FORMALETA MURO PLUS 4.0;60x183x0x0;1,1;1415430983;AA0562
1856-22;FM;2;15;#4FM;FORMALETA MURO PLUS 4.0;60x183x0x0;1,1;1515430983;AA0563
1856-22;FM;2;16;#4FM;FORMALETA MURO PLUS 4.0;60x183x0x0;1,1;1615430983;AA0564
1856-22;FM;2;17;#4FM;FORMALETA MURO PLUS 4.0;60x183x0x0;1,1;1715430983;AA0565
1856-22;FM;2;18;#4FM;FORMALETA MURO PLUS 4.0;60x183x0x0;1,1;1815430983;AA0566
1856-22;FM;2;19;#4FM;FORMALETA MURO PLUS 4.0;60x183x0x0;1,1;1915430983;AA0567
1856-22;FM;2;20;#4FM;FORMALETA MURO PLUS 4.0;60x183x0x0;1,1;2015430983;AA0568
1856-22;FM;2;21;#4FM;FORMALETA MURO PLUS 4.0;60x183x0x0;1,1;2115430983;AA0569
1856-22;FM;2;22;#4FM;FORMALETA MURO PLUS 4.0;60x183x0x0;1,1;2215430983;AA0570
1856-22;FM;2;23;#4FM;FORMALETA MURO PLUS 4.0;60x183x0x0;1,1;2315430983;AA0571
1856-22;FM;2;24;#4FM;FORMALETA MURO PLUS 4.0;60x183x0x0;1,1;2415430983;AA0572
1856-22;FM;2;25;#4FM;FORMALETA MURO PLUS 4.0;60x183x0x0;1,1;2515430983;AA0573
1856-22;FM;2;26;#4FM;FORMALETA MURO PLUS 4.0;60x183x0x0;1,1;2615430983;AA0574
1856-22;FM;1;1;#4FM;FORMALETA MURO PLUS 4.0;60x208.3x0x0;1,25;115430982;AA0575
1856-22;FM;1;2;#4FM;FORMALETA MURO PLUS 4.0;60x208.3x0x0;1,25;215430982;AA0576
1856-22;FM;1;3;#4FM;FORMALETA MURO PLUS 4.0;60x208.3x0x0;1,25;315430982;AA0577
1856-22;FM;1;4;#4FM;FORMALETA MURO PLUS 4.0;60x208.3x0x0;1,25;415430982;AA0578
1856-22;FM;1;5;#4FM;FORMALETA MURO PLUS 4.0;60x208.3x0x0;1,25;515430982;AA0579
1856-22;FM;1;6;#4FM;FORMALETA MURO PLUS 4.0;60x208.3x0x0;1,25;615430982;AA0580
1856-22;FM;1;7;#4FM;FORMALETA MURO PLUS 4.0;60x208.3x0x0;1,25;715430982;AA0581
1856-22;FM;1;8;#4FM;FORMALETA MURO PLUS 4.0;60x208.3x0x0;1,25;815430982;AA0582
1856-22;FM;1;9;#4FM;FORMALETA MURO PLUS 4.0;60x208.3x0x0;1,25;915430982;AA0583
1856-22;FM;1;10;#4FM;FORMALETA MURO PLUS 4.0;60x208.3x0x0;1,25;1015430982;AA0584
1856-22;FM;1;11;#4FM;FORMALETA MURO PLUS 4.0;60x208.3x0x0;1,25;1115430982;AA0585
1856-22;FM;1;12;#4FM;FORMALETA MURO PLUS 4.0;60x208.3x0x0;1,25;1215430982;AA0586
1856-22;FM;1;13;#4FM;FORMALETA MURO PLUS 4.0;60x208.3x0x0;1,25;1315430982;AA0587
1856-22;FM;1;14;#4FM;FORMALETA MURO PLUS 4.0;60x208.3x0x0;1,25;1415430982;AA0588
1856-22;FM;1;15;#4FM;FORMALETA MURO PLUS 4.0;60x208.3x0x0;1,25;1515430982;AA0589
1856-22;FM;1;16;#4FM;FORMALETA MURO PLUS 4.0;60x208.3x0x0;1,25;1615430982;AA0590
1856-22;FM;1;17;#4FM;FORMALETA MURO PLUS 4.0;60x208.3x0x0;1,25;1715430982;AA0591
1856-22;FM;1;18;#4FM;FORMALETA MURO PLUS 4.0;60x208.3x0x0;1,25;1815430982;AA0592
1856-22;FM;1;19;#4FM;FORMALETA MURO PLUS 4.0;60x208.3x0x0;1,25;1915430982;AA0593
1856-22;FM;1;20;#4FM;FORMALETA MURO PLUS 4.0;60x208.3x0x0;1,25;2015430982;AA0594
